<?xml version="1.0" encoding="UTF-8"?><InteractionHistory Id="activity" Version="1"><InteractionEvent Delta="started" EndDate="2008-06-28 13:45:28.562 CST" Interest="1.0" Kind="attention" Navigation="" OriginId="org.eclipse.ui.workbench" StartDate="2008-06-28 13:45:28.562 CST" StructureHandle="org.eclipse.platform.ide" StructureKind="lifecycle"/><InteractionEvent Delta="stopped" EndDate="2008-06-28 15:57:06.656 CST" Interest="1.0" Kind="attention" Navigation="" OriginId="org.eclipse.ui.workbench" StartDate="2008-06-28 15:57:06.656 CST" StructureHandle="org.eclipse.platform.ide" StructureKind="lifecycle"/><InteractionEvent Delta="started" EndDate="2008-06-28 15:58:03.265 CST" Interest="1.0" Kind="attention" Navigation="" OriginId="org.eclipse.ui.workbench" StartDate="2008-06-28 15:58:03.265 CST" StructureHandle="org.eclipse.platform.ide" StructureKind="lifecycle"/><InteractionEvent Delta="stopped" EndDate="2008-06-28 16:23:19.468 CST" Interest="1.0" Kind="attention" Navigation="" OriginId="org.eclipse.ui.workbench" StartDate="2008-06-28 16:23:19.468 CST" StructureHandle="org.eclipse.platform.ide" StructureKind="lifecycle"/><InteractionEvent Delta="started" EndDate="2008-06-28 16:23:50.625 CST" Interest="1.0" Kind="attention" Navigation="" OriginId="org.eclipse.ui.workbench" StartDate="2008-06-28 16:23:50.625 CST" StructureHandle="org.eclipse.platform.ide" StructureKind="lifecycle"/><InteractionEvent Delta="stopped" EndDate="2008-06-28 16:32:07.187 CST" Interest="1.0" Kind="attention" Navigation="" OriginId="org.eclipse.ui.workbench" StartDate="2008-06-28 16:32:07.187 CST" StructureHandle="org.eclipse.platform.ide" StructureKind="lifecycle"/><InteractionEvent Delta="started" EndDate="2008-06-28 16:40:17.562 CST" Interest="1.0" Kind="attention" Navigation="" OriginId="org.eclipse.ui.workbench" StartDate="2008-06-28 16:40:17.562 CST" StructureHandle="org.eclipse.platform.ide" StructureKind="lifecycle"/><InteractionEvent Delta="stopped" EndDate="2008-06-28 16:40:29.281 CST" Interest="1.0" Kind="attention" Navigation="" OriginId="org.eclipse.ui.workbench" StartDate="2008-06-28 16:40:29.281 CST" StructureHandle="org.eclipse.platform.ide" StructureKind="lifecycle"/><InteractionEvent Delta="started" EndDate="2008-07-01 13:39:36.890 CST" Interest="1.0" Kind="attention" Navigation="" OriginId="org.eclipse.ui.workbench" StartDate="2008-07-01 13:39:36.890 CST" StructureHandle="org.eclipse.platform.ide" StructureKind="lifecycle"/><InteractionEvent Delta="stopped" EndDate="2008-07-01 14:20:22.984 CST" Interest="1.0" Kind="attention" Navigation="" OriginId="org.eclipse.ui.workbench" StartDate="2008-07-01 14:20:22.984 CST" StructureHandle="org.eclipse.platform.ide" StructureKind="lifecycle"/><InteractionEvent Delta="started" EndDate="2008-07-01 14:26:29.187 CST" Interest="1.0" Kind="attention" Navigation="" OriginId="org.eclipse.ui.workbench" StartDate="2008-07-01 14:26:29.187 CST" StructureHandle="org.eclipse.platform.ide" StructureKind="lifecycle"/><InteractionEvent Delta="stopped" EndDate="2008-07-01 15:03:20.31 CST" Interest="1.0" Kind="attention" Navigation="" OriginId="org.eclipse.ui.workbench" StartDate="2008-07-01 15:03:20.31 CST" StructureHandle="org.eclipse.platform.ide" StructureKind="lifecycle"/><InteractionEvent Delta="started" EndDate="2008-07-04 23:08:20.531 CST" Interest="1.0" Kind="attention" Navigation="" OriginId="org.eclipse.ui.workbench" StartDate="2008-07-04 23:08:20.531 CST" StructureHandle="org.eclipse.platform.ide" StructureKind="lifecycle"/><InteractionEvent Delta="stopped" EndDate="2008-07-04 23:08:32.734 CST" Interest="1.0" Kind="attention" Navigation="" OriginId="org.eclipse.ui.workbench" StartDate="2008-07-04 23:08:32.734 CST" StructureHandle="org.eclipse.platform.ide" StructureKind="lifecycle"/><InteractionEvent Delta="started" EndDate="2008-07-04 23:26:43.390 CST" Interest="1.0" Kind="attention" Navigation="" OriginId="org.eclipse.ui.workbench" StartDate="2008-07-04 23:26:43.390 CST" StructureHandle="org.eclipse.platform.ide" StructureKind="lifecycle"/><InteractionEvent Delta="stopped" EndDate="2008-07-04 23:42:20.265 CST" Interest="1.0" Kind="attention" Navigation="" OriginId="org.eclipse.ui.workbench" StartDate="2008-07-04 23:42:20.265 CST" StructureHandle="org.eclipse.platform.ide" StructureKind="lifecycle"/><InteractionEvent Delta="started" EndDate="2008-07-04 23:42:52.93 CST" Interest="1.0" Kind="attention" Navigation="" OriginId="org.eclipse.ui.workbench" StartDate="2008-07-04 23:42:52.93 CST" StructureHandle="org.eclipse.platform.ide" StructureKind="lifecycle"/><InteractionEvent Delta="stopped" EndDate="2008-07-04 23:44:16.953 CST" Interest="1.0" Kind="attention" Navigation="" OriginId="org.eclipse.ui.workbench" StartDate="2008-07-04 23:44:16.953 CST" StructureHandle="org.eclipse.platform.ide" StructureKind="lifecycle"/><InteractionEvent Delta="started" EndDate="2008-07-07 17:32:02.218 CST" Interest="1.0" Kind="attention" Navigation="" OriginId="org.eclipse.ui.workbench" StartDate="2008-07-07 17:32:02.218 CST" StructureHandle="org.eclipse.platform.ide" StructureKind="lifecycle"/><InteractionEvent Delta="stopped" EndDate="2008-07-08 02:40:35.218 CST" Interest="1.0" Kind="attention" Navigation="" OriginId="org.eclipse.ui.workbench" StartDate="2008-07-08 02:40:35.218 CST" StructureHandle="org.eclipse.platform.ide" StructureKind="lifecycle"/><InteractionEvent Delta="started" EndDate="2008-07-08 18:41:13.812 CST" Interest="1.0" Kind="attention" Navigation="" OriginId="org.eclipse.ui.workbench" StartDate="2008-07-08 18:41:13.812 CST" StructureHandle="org.eclipse.platform.ide" StructureKind="lifecycle"/><InteractionEvent Delta="stopped" EndDate="2008-07-09 01:22:12.812 CST" Interest="1.0" Kind="attention" Navigation="" OriginId="org.eclipse.ui.workbench" StartDate="2008-07-09 01:22:12.812 CST" StructureHandle="org.eclipse.platform.ide" StructureKind="lifecycle"/><InteractionEvent Delta="started" EndDate="2008-07-09 12:38:10.781 CST" Interest="1.0" Kind="attention" Navigation="" OriginId="org.eclipse.ui.workbench" StartDate="2008-07-09 12:38:10.781 CST" StructureHandle="org.eclipse.platform.ide" StructureKind="lifecycle"/><InteractionEvent Delta="stopped" EndDate="2008-07-09 19:25:36.359 CST" Interest="1.0" Kind="attention" Navigation="" OriginId="org.eclipse.ui.workbench" StartDate="2008-07-09 19:25:36.359 CST" StructureHandle="org.eclipse.platform.ide" StructureKind="lifecycle"/><InteractionEvent Delta="started" EndDate="2008-07-09 19:26:01.531 CST" Interest="1.0" Kind="attention" Navigation="" OriginId="org.eclipse.ui.workbench" StartDate="2008-07-09 19:26:01.531 CST" StructureHandle="org.eclipse.platform.ide" StructureKind="lifecycle"/><InteractionEvent Delta="started" EndDate="2008-07-09 19:36:55.562 CST" Interest="1.0" Kind="attention" Navigation="" OriginId="org.eclipse.ui.workbench" StartDate="2008-07-09 19:36:55.562 CST" StructureHandle="org.eclipse.platform.ide" StructureKind="lifecycle"/><InteractionEvent Delta="stopped" EndDate="2008-07-09 20:26:33.46 CST" Interest="1.0" Kind="attention" Navigation="" OriginId="org.eclipse.ui.workbench" StartDate="2008-07-09 20:26:33.46 CST" StructureHandle="org.eclipse.platform.ide" StructureKind="lifecycle"/><InteractionEvent Delta="started" EndDate="2008-07-09 20:26:59.343 CST" Interest="1.0" Kind="attention" Navigation="" OriginId="org.eclipse.ui.workbench" StartDate="2008-07-09 20:26:59.343 CST" StructureHandle="org.eclipse.platform.ide" StructureKind="lifecycle"/><InteractionEvent Delta="stopped" EndDate="2008-07-09 20:29:55.281 CST" Interest="1.0" Kind="attention" Navigation="" OriginId="org.eclipse.ui.workbench" StartDate="2008-07-09 20:29:55.281 CST" StructureHandle="org.eclipse.platform.ide" StructureKind="lifecycle"/><InteractionEvent Delta="started" EndDate="2008-07-09 20:30:27.187 CST" Interest="1.0" Kind="attention" Navigation="" OriginId="org.eclipse.ui.workbench" StartDate="2008-07-09 20:30:27.187 CST" StructureHandle="org.eclipse.platform.ide" StructureKind="lifecycle"/><InteractionEvent Delta="stopped" EndDate="2008-07-09 20:33:21.281 CST" Interest="1.0" Kind="attention" Navigation="" OriginId="org.eclipse.ui.workbench" StartDate="2008-07-09 20:33:21.281 CST" StructureHandle="org.eclipse.platform.ide" StructureKind="lifecycle"/><InteractionEvent Delta="started" EndDate="2008-07-09 20:33:39.140 CST" Interest="1.0" Kind="attention" Navigation="" OriginId="org.eclipse.ui.workbench" StartDate="2008-07-09 20:33:39.140 CST" StructureHandle="org.eclipse.platform.ide" StructureKind="lifecycle"/><InteractionEvent Delta="stopped" EndDate="2008-07-10 00:54:26.406 CST" Interest="1.0" Kind="attention" Navigation="" OriginId="org.eclipse.ui.workbench" StartDate="2008-07-10 00:54:26.406 CST" StructureHandle="org.eclipse.platform.ide" StructureKind="lifecycle"/><InteractionEvent Delta="started" EndDate="2008-07-10 13:00:10.890 CST" Interest="1.0" Kind="attention" Navigation="" OriginId="org.eclipse.ui.workbench" StartDate="2008-07-10 13:00:10.890 CST" StructureHandle="org.eclipse.platform.ide" StructureKind="lifecycle"/><InteractionEvent Delta="stopped" EndDate="2008-07-10 15:41:12.125 CST" Interest="1.0" Kind="attention" Navigation="" OriginId="org.eclipse.ui.workbench" StartDate="2008-07-10 15:41:12.125 CST" StructureHandle="org.eclipse.platform.ide" StructureKind="lifecycle"/><InteractionEvent Delta="started" EndDate="2008-07-10 17:51:48.453 CST" Interest="1.0" Kind="attention" Navigation="" OriginId="org.eclipse.ui.workbench" StartDate="2008-07-10 17:51:48.453 CST" StructureHandle="org.eclipse.platform.ide" StructureKind="lifecycle"/><InteractionEvent Delta="started" EndDate="2008-07-10 23:11:01.609 CST" Interest="1.0" Kind="attention" Navigation="" OriginId="org.eclipse.ui.workbench" StartDate="2008-07-10 23:11:01.609 CST" StructureHandle="org.eclipse.platform.ide" StructureKind="lifecycle"/><InteractionEvent Delta="stopped" EndDate="2008-07-11 00:27:45.734 CST" Interest="1.0" Kind="attention" Navigation="" OriginId="org.eclipse.ui.workbench" StartDate="2008-07-11 00:27:45.734 CST" StructureHandle="org.eclipse.platform.ide" StructureKind="lifecycle"/><InteractionEvent Delta="started" EndDate="2008-07-12 09:28:39.390 CST" Interest="1.0" Kind="attention" Navigation="" OriginId="org.eclipse.ui.workbench" StartDate="2008-07-12 09:28:39.390 CST" StructureHandle="org.eclipse.platform.ide" StructureKind="lifecycle"/><InteractionEvent Delta="stopped" EndDate="2008-07-12 13:49:32.73 CST" Interest="1.0" Kind="attention" Navigation="" OriginId="org.eclipse.ui.workbench" StartDate="2008-07-12 13:49:32.73 CST" StructureHandle="org.eclipse.platform.ide" StructureKind="lifecycle"/><InteractionEvent Delta="started" EndDate="2008-07-12 13:49:53.948 CST" Interest="1.0" Kind="attention" Navigation="" OriginId="org.eclipse.ui.workbench" StartDate="2008-07-12 13:49:53.948 CST" StructureHandle="org.eclipse.platform.ide" StructureKind="lifecycle"/><InteractionEvent Delta="stopped" EndDate="2008-07-12 13:50:55.228 CST" Interest="1.0" Kind="attention" Navigation="" OriginId="org.eclipse.ui.workbench" StartDate="2008-07-12 13:50:55.228 CST" StructureHandle="org.eclipse.platform.ide" StructureKind="lifecycle"/><InteractionEvent Delta="started" EndDate="2008-07-12 14:59:43.765 CST" Interest="1.0" Kind="attention" Navigation="" OriginId="org.eclipse.ui.workbench" StartDate="2008-07-12 14:59:43.765 CST" StructureHandle="org.eclipse.platform.ide" StructureKind="lifecycle"/><InteractionEvent Delta="stopped" EndDate="2008-07-12 15:13:10.870 CST" Interest="1.0" Kind="attention" Navigation="" OriginId="org.eclipse.ui.workbench" StartDate="2008-07-12 15:13:10.870 CST" StructureHandle="org.eclipse.platform.ide" StructureKind="lifecycle"/><InteractionEvent Delta="started" EndDate="2008-07-12 19:22:00.468 CST" Interest="1.0" Kind="attention" Navigation="" OriginId="org.eclipse.ui.workbench" StartDate="2008-07-12 19:22:00.468 CST" StructureHandle="org.eclipse.platform.ide" StructureKind="lifecycle"/><InteractionEvent Delta="stopped" EndDate="2008-07-12 21:50:29.578 CST" Interest="1.0" Kind="attention" Navigation="" OriginId="org.eclipse.ui.workbench" StartDate="2008-07-12 21:50:29.578 CST" StructureHandle="org.eclipse.platform.ide" StructureKind="lifecycle"/><InteractionEvent Delta="started" EndDate="2008-07-13 10:51:28.968 CST" Interest="1.0" Kind="attention" Navigation="" OriginId="org.eclipse.ui.workbench" StartDate="2008-07-13 10:51:28.968 CST" StructureHandle="org.eclipse.platform.ide" StructureKind="lifecycle"/><InteractionEvent Delta="stopped" EndDate="2008-07-13 15:08:30.546 CST" Interest="1.0" Kind="attention" Navigation="" OriginId="org.eclipse.ui.workbench" StartDate="2008-07-13 15:08:30.546 CST" StructureHandle="org.eclipse.platform.ide" StructureKind="lifecycle"/><InteractionEvent Delta="started" EndDate="2008-07-13 15:50:53.46 CST" Interest="1.0" Kind="attention" Navigation="" OriginId="org.eclipse.ui.workbench" StartDate="2008-07-13 15:50:53.46 CST" StructureHandle="org.eclipse.platform.ide" StructureKind="lifecycle"/><InteractionEvent Delta="stopped" EndDate="2008-07-13 16:25:44.718 CST" Interest="1.0" Kind="attention" Navigation="" OriginId="org.eclipse.ui.workbench" StartDate="2008-07-13 16:25:44.718 CST" StructureHandle="org.eclipse.platform.ide" StructureKind="lifecycle"/><InteractionEvent Delta="started" EndDate="2008-07-13 16:26:11.375 CST" Interest="1.0" Kind="attention" Navigation="" OriginId="org.eclipse.ui.workbench" StartDate="2008-07-13 16:26:11.375 CST" StructureHandle="org.eclipse.platform.ide" StructureKind="lifecycle"/><InteractionEvent Delta="stopped" EndDate="2008-07-13 16:28:05.984 CST" Interest="1.0" Kind="attention" Navigation="" OriginId="org.eclipse.ui.workbench" StartDate="2008-07-13 16:28:05.984 CST" StructureHandle="org.eclipse.platform.ide" StructureKind="lifecycle"/><InteractionEvent Delta="started" EndDate="2008-07-13 16:28:34.406 CST" Interest="1.0" Kind="attention" Navigation="" OriginId="org.eclipse.ui.workbench" StartDate="2008-07-13 16:28:34.406 CST" StructureHandle="org.eclipse.platform.ide" StructureKind="lifecycle"/><InteractionEvent Delta="stopped" EndDate="2008-07-13 19:33:07.843 CST" Interest="1.0" Kind="attention" Navigation="" OriginId="org.eclipse.ui.workbench" StartDate="2008-07-13 19:33:07.843 CST" StructureHandle="org.eclipse.platform.ide" StructureKind="lifecycle"/><InteractionEvent Delta="started" EndDate="2008-07-14 19:33:53.281 CST" Interest="1.0" Kind="attention" Navigation="" OriginId="org.eclipse.ui.workbench" StartDate="2008-07-14 19:33:53.281 CST" StructureHandle="org.eclipse.platform.ide" StructureKind="lifecycle"/><InteractionEvent Delta="stopped" EndDate="2008-07-14 21:19:01.609 CST" Interest="1.0" Kind="attention" Navigation="" OriginId="org.eclipse.ui.workbench" StartDate="2008-07-14 21:19:01.609 CST" StructureHandle="org.eclipse.platform.ide" StructureKind="lifecycle"/><InteractionEvent Delta="started" EndDate="2008-07-14 21:19:45.859 CST" Interest="1.0" Kind="attention" Navigation="" OriginId="org.eclipse.ui.workbench" StartDate="2008-07-14 21:19:45.859 CST" StructureHandle="org.eclipse.platform.ide" StructureKind="lifecycle"/><InteractionEvent Delta="stopped" EndDate="2008-07-14 21:22:05.875 CST" Interest="1.0" Kind="attention" Navigation="" OriginId="org.eclipse.ui.workbench" StartDate="2008-07-14 21:22:05.875 CST" StructureHandle="org.eclipse.platform.ide" StructureKind="lifecycle"/><InteractionEvent Delta="started" EndDate="2008-07-14 21:22:37.78 CST" Interest="1.0" Kind="attention" Navigation="" OriginId="org.eclipse.ui.workbench" StartDate="2008-07-14 21:22:37.78 CST" StructureHandle="org.eclipse.platform.ide" StructureKind="lifecycle"/><InteractionEvent Delta="stopped" EndDate="2008-07-15 02:25:28.312 CST" Interest="1.0" Kind="attention" Navigation="" OriginId="org.eclipse.ui.workbench" StartDate="2008-07-15 02:25:28.312 CST" StructureHandle="org.eclipse.platform.ide" StructureKind="lifecycle"/><InteractionEvent Delta="started" EndDate="2008-07-15 12:58:09.343 CST" Interest="1.0" Kind="attention" Navigation="" OriginId="org.eclipse.ui.workbench" StartDate="2008-07-15 12:58:09.343 CST" StructureHandle="org.eclipse.platform.ide" StructureKind="lifecycle"/><InteractionEvent Delta="stopped" EndDate="2008-07-15 14:09:22.281 CST" Interest="1.0" Kind="attention" Navigation="" OriginId="org.eclipse.ui.workbench" StartDate="2008-07-15 14:09:22.281 CST" StructureHandle="org.eclipse.platform.ide" StructureKind="lifecycle"/><InteractionEvent Delta="started" EndDate="2008-07-15 14:14:12.875 CST" Interest="1.0" Kind="attention" Navigation="" OriginId="org.eclipse.ui.workbench" StartDate="2008-07-15 14:14:12.875 CST" StructureHandle="org.eclipse.platform.ide" StructureKind="lifecycle"/><InteractionEvent Delta="stopped" EndDate="2008-07-15 15:02:41.281 CST" Interest="1.0" Kind="attention" Navigation="" OriginId="org.eclipse.ui.workbench" StartDate="2008-07-15 15:02:41.281 CST" StructureHandle="org.eclipse.platform.ide" StructureKind="lifecycle"/><InteractionEvent Delta="started" EndDate="2008-07-15 15:05:42.265 CST" Interest="1.0" Kind="attention" Navigation="" OriginId="org.eclipse.ui.workbench" StartDate="2008-07-15 15:05:42.265 CST" StructureHandle="org.eclipse.platform.ide" StructureKind="lifecycle"/><InteractionEvent Delta="stopped" EndDate="2008-07-15 15:12:26.0 CST" Interest="1.0" Kind="attention" Navigation="" OriginId="org.eclipse.ui.workbench" StartDate="2008-07-15 15:12:26.0 CST" StructureHandle="org.eclipse.platform.ide" StructureKind="lifecycle"/><InteractionEvent Delta="started" EndDate="2008-07-15 15:28:02.578 CST" Interest="1.0" Kind="attention" Navigation="" OriginId="org.eclipse.ui.workbench" StartDate="2008-07-15 15:28:02.578 CST" StructureHandle="org.eclipse.platform.ide" StructureKind="lifecycle"/><InteractionEvent Delta="stopped" EndDate="2008-07-15 15:46:53.406 CST" Interest="1.0" Kind="attention" Navigation="" OriginId="org.eclipse.ui.workbench" StartDate="2008-07-15 15:46:53.406 CST" StructureHandle="org.eclipse.platform.ide" StructureKind="lifecycle"/><InteractionEvent Delta="started" EndDate="2008-07-15 17:44:48.250 CST" Interest="1.0" Kind="attention" Navigation="" OriginId="org.eclipse.ui.workbench" StartDate="2008-07-15 17:44:48.250 CST" StructureHandle="org.eclipse.platform.ide" StructureKind="lifecycle"/><InteractionEvent Delta="stopped" EndDate="2008-07-16 00:56:30.0 CST" Interest="1.0" Kind="attention" Navigation="" OriginId="org.eclipse.ui.workbench" StartDate="2008-07-16 00:56:30.0 CST" StructureHandle="org.eclipse.platform.ide" StructureKind="lifecycle"/><InteractionEvent Delta="started" EndDate="2008-07-16 01:00:35.31 CST" Interest="1.0" Kind="attention" Navigation="" OriginId="org.eclipse.ui.workbench" StartDate="2008-07-16 01:00:35.31 CST" StructureHandle="org.eclipse.platform.ide" StructureKind="lifecycle"/><InteractionEvent Delta="stopped" EndDate="2008-07-16 02:07:28.31 CST" Interest="1.0" Kind="attention" Navigation="" OriginId="org.eclipse.ui.workbench" StartDate="2008-07-16 02:07:28.31 CST" StructureHandle="org.eclipse.platform.ide" StructureKind="lifecycle"/><InteractionEvent Delta="started" EndDate="2008-07-16 14:21:02.984 CST" Interest="1.0" Kind="attention" Navigation="" OriginId="org.eclipse.ui.workbench" StartDate="2008-07-16 14:21:02.984 CST" StructureHandle="org.eclipse.platform.ide" StructureKind="lifecycle"/><InteractionEvent Delta="stopped" EndDate="2008-07-16 18:32:24.359 CST" Interest="1.0" Kind="attention" Navigation="" OriginId="org.eclipse.ui.workbench" StartDate="2008-07-16 18:32:24.359 CST" StructureHandle="org.eclipse.platform.ide" StructureKind="lifecycle"/><InteractionEvent Delta="started" EndDate="2008-07-16 18:32:55.546 CST" Interest="1.0" Kind="attention" Navigation="" OriginId="org.eclipse.ui.workbench" StartDate="2008-07-16 18:32:55.546 CST" StructureHandle="org.eclipse.platform.ide" StructureKind="lifecycle"/><InteractionEvent Delta="stopped" EndDate="2008-07-16 21:32:53.687 CST" Interest="1.0" Kind="attention" Navigation="" OriginId="org.eclipse.ui.workbench" StartDate="2008-07-16 21:32:53.687 CST" StructureHandle="org.eclipse.platform.ide" StructureKind="lifecycle"/><InteractionEvent Delta="started" EndDate="2008-07-16 21:33:36.406 CST" Interest="1.0" Kind="attention" Navigation="" OriginId="org.eclipse.ui.workbench" StartDate="2008-07-16 21:33:36.406 CST" StructureHandle="org.eclipse.platform.ide" StructureKind="lifecycle"/><InteractionEvent Delta="stopped" EndDate="2008-07-16 21:34:17.515 CST" Interest="1.0" Kind="attention" Navigation="" OriginId="org.eclipse.ui.workbench" StartDate="2008-07-16 21:34:17.515 CST" StructureHandle="org.eclipse.platform.ide" StructureKind="lifecycle"/><InteractionEvent Delta="started" EndDate="2008-07-16 21:34:35.203 CST" Interest="1.0" Kind="attention" Navigation="" OriginId="org.eclipse.ui.workbench" StartDate="2008-07-16 21:34:35.203 CST" StructureHandle="org.eclipse.platform.ide" StructureKind="lifecycle"/><InteractionEvent Delta="stopped" EndDate="2008-07-16 21:35:10.578 CST" Interest="1.0" Kind="attention" Navigation="" OriginId="org.eclipse.ui.workbench" StartDate="2008-07-16 21:35:10.578 CST" StructureHandle="org.eclipse.platform.ide" StructureKind="lifecycle"/><InteractionEvent Delta="started" EndDate="2008-07-16 21:35:27.171 CST" Interest="1.0" Kind="attention" Navigation="" OriginId="org.eclipse.ui.workbench" StartDate="2008-07-16 21:35:27.171 CST" StructureHandle="org.eclipse.platform.ide" StructureKind="lifecycle"/><InteractionEvent Delta="stopped" EndDate="2008-07-16 21:35:59.140 CST" Interest="1.0" Kind="attention" Navigation="" OriginId="org.eclipse.ui.workbench" StartDate="2008-07-16 21:35:59.140 CST" StructureHandle="org.eclipse.platform.ide" StructureKind="lifecycle"/><InteractionEvent Delta="started" EndDate="2008-07-17 14:40:38.843 CST" Interest="1.0" Kind="attention" Navigation="" OriginId="org.eclipse.ui.workbench" StartDate="2008-07-17 14:40:38.843 CST" StructureHandle="org.eclipse.platform.ide" StructureKind="lifecycle"/><InteractionEvent Delta="stopped" EndDate="2008-07-17 20:57:29.875 CST" Interest="1.0" Kind="attention" Navigation="" OriginId="org.eclipse.ui.workbench" StartDate="2008-07-17 20:57:29.875 CST" StructureHandle="org.eclipse.platform.ide" StructureKind="lifecycle"/><InteractionEvent Delta="started" EndDate="2008-07-17 20:58:37.750 CST" Interest="1.0" Kind="attention" Navigation="" OriginId="org.eclipse.ui.workbench" StartDate="2008-07-17 20:58:37.750 CST" StructureHandle="org.eclipse.platform.ide" StructureKind="lifecycle"/><InteractionEvent Delta="stopped" EndDate="2008-07-18 02:05:27.453 CST" Interest="1.0" Kind="attention" Navigation="" OriginId="org.eclipse.ui.workbench" StartDate="2008-07-18 02:05:27.453 CST" StructureHandle="org.eclipse.platform.ide" StructureKind="lifecycle"/><InteractionEvent Delta="started" EndDate="2008-07-18 10:56:43.859 CST" Interest="1.0" Kind="attention" Navigation="" OriginId="org.eclipse.ui.workbench" StartDate="2008-07-18 10:56:43.859 CST" StructureHandle="org.eclipse.platform.ide" StructureKind="lifecycle"/><InteractionEvent Delta="stopped" EndDate="2008-07-18 18:03:48.515 CST" Interest="1.0" Kind="attention" Navigation="" OriginId="org.eclipse.ui.workbench" StartDate="2008-07-18 18:03:48.515 CST" StructureHandle="org.eclipse.platform.ide" StructureKind="lifecycle"/><InteractionEvent Delta="started" EndDate="2008-07-19 10:31:23.109 CST" Interest="1.0" Kind="attention" Navigation="" OriginId="org.eclipse.ui.workbench" StartDate="2008-07-19 10:31:23.109 CST" StructureHandle="org.eclipse.platform.ide" StructureKind="lifecycle"/><InteractionEvent Delta="stopped" EndDate="2008-07-19 10:53:35.359 CST" Interest="1.0" Kind="attention" Navigation="" OriginId="org.eclipse.ui.workbench" StartDate="2008-07-19 10:53:35.359 CST" StructureHandle="org.eclipse.platform.ide" StructureKind="lifecycle"/><InteractionEvent Delta="started" EndDate="2008-07-19 10:53:54.890 CST" Interest="1.0" Kind="attention" Navigation="" OriginId="org.eclipse.ui.workbench" StartDate="2008-07-19 10:53:54.890 CST" StructureHandle="org.eclipse.platform.ide" StructureKind="lifecycle"/><InteractionEvent Delta="stopped" EndDate="2008-07-19 11:05:32.325 CST" Interest="1.0" Kind="attention" Navigation="" OriginId="org.eclipse.ui.workbench" StartDate="2008-07-19 11:05:32.325 CST" StructureHandle="org.eclipse.platform.ide" StructureKind="lifecycle"/><InteractionEvent Delta="started" EndDate="2008-07-19 11:05:48.917 CST" Interest="1.0" Kind="attention" Navigation="" OriginId="org.eclipse.ui.workbench" StartDate="2008-07-19 11:05:48.917 CST" StructureHandle="org.eclipse.platform.ide" StructureKind="lifecycle"/><InteractionEvent Delta="stopped" EndDate="2008-07-19 11:34:21.440 CST" Interest="1.0" Kind="attention" Navigation="" OriginId="org.eclipse.ui.workbench" StartDate="2008-07-19 11:34:21.440 CST" StructureHandle="org.eclipse.platform.ide" StructureKind="lifecycle"/><InteractionEvent Delta="started" EndDate="2008-07-19 11:34:52.328 CST" Interest="1.0" Kind="attention" Navigation="" OriginId="org.eclipse.ui.workbench" StartDate="2008-07-19 11:34:52.328 CST" StructureHandle="org.eclipse.platform.ide" StructureKind="lifecycle"/><InteractionEvent Delta="stopped" EndDate="2008-07-19 11:38:06.515 CST" Interest="1.0" Kind="attention" Navigation="" OriginId="org.eclipse.ui.workbench" StartDate="2008-07-19 11:38:06.515 CST" StructureHandle="org.eclipse.platform.ide" StructureKind="lifecycle"/><InteractionEvent Delta="started" EndDate="2008-07-19 11:38:25.279 CST" Interest="1.0" Kind="attention" Navigation="" OriginId="org.eclipse.ui.workbench" StartDate="2008-07-19 11:38:25.279 CST" StructureHandle="org.eclipse.platform.ide" StructureKind="lifecycle"/><InteractionEvent Delta="stopped" EndDate="2008-07-19 14:50:19.665 CST" Interest="1.0" Kind="attention" Navigation="" OriginId="org.eclipse.ui.workbench" StartDate="2008-07-19 14:50:19.665 CST" StructureHandle="org.eclipse.platform.ide" StructureKind="lifecycle"/><InteractionEvent Delta="started" EndDate="2008-07-19 14:54:04.31 CST" Interest="1.0" Kind="attention" Navigation="" OriginId="org.eclipse.ui.workbench" StartDate="2008-07-19 14:54:04.31 CST" StructureHandle="org.eclipse.platform.ide" StructureKind="lifecycle"/><InteractionEvent Delta="stopped" EndDate="2008-07-19 15:28:24.781 CST" Interest="1.0" Kind="attention" Navigation="" OriginId="org.eclipse.ui.workbench" StartDate="2008-07-19 15:28:24.781 CST" StructureHandle="org.eclipse.platform.ide" StructureKind="lifecycle"/><InteractionEvent Delta="started" EndDate="2008-07-19 15:45:38.171 CST" Interest="1.0" Kind="attention" Navigation="" OriginId="org.eclipse.ui.workbench" StartDate="2008-07-19 15:45:38.171 CST" StructureHandle="org.eclipse.platform.ide" StructureKind="lifecycle"/><InteractionEvent Delta="stopped" EndDate="2008-07-19 15:46:32.718 CST" Interest="1.0" Kind="attention" Navigation="" OriginId="org.eclipse.ui.workbench" StartDate="2008-07-19 15:46:32.718 CST" StructureHandle="org.eclipse.platform.ide" StructureKind="lifecycle"/><InteractionEvent Delta="started" EndDate="2008-07-20 14:23:38.328 CST" Interest="1.0" Kind="attention" Navigation="" OriginId="org.eclipse.ui.workbench" StartDate="2008-07-20 14:23:38.328 CST" StructureHandle="org.eclipse.platform.ide" StructureKind="lifecycle"/><InteractionEvent Delta="stopped" EndDate="2008-07-20 14:23:53.281 CST" Interest="1.0" Kind="attention" Navigation="" OriginId="org.eclipse.ui.workbench" StartDate="2008-07-20 14:23:53.281 CST" StructureHandle="org.eclipse.platform.ide" StructureKind="lifecycle"/><InteractionEvent Delta="started" EndDate="2008-07-20 14:24:54.250 CST" Interest="1.0" Kind="attention" Navigation="" OriginId="org.eclipse.ui.workbench" StartDate="2008-07-20 14:24:54.250 CST" StructureHandle="org.eclipse.platform.ide" StructureKind="lifecycle"/><InteractionEvent Delta="stopped" EndDate="2008-07-20 14:25:36.968 CST" Interest="1.0" Kind="attention" Navigation="" OriginId="org.eclipse.ui.workbench" StartDate="2008-07-20 14:25:36.968 CST" StructureHandle="org.eclipse.platform.ide" StructureKind="lifecycle"/><InteractionEvent Delta="started" EndDate="2008-07-20 14:34:29.750 CST" Interest="1.0" Kind="attention" Navigation="" OriginId="org.eclipse.ui.workbench" StartDate="2008-07-20 14:34:29.750 CST" StructureHandle="org.eclipse.platform.ide" StructureKind="lifecycle"/><InteractionEvent Delta="stopped" EndDate="2008-07-20 14:34:38.656 CST" Interest="1.0" Kind="attention" Navigation="" OriginId="org.eclipse.ui.workbench" StartDate="2008-07-20 14:34:38.656 CST" StructureHandle="org.eclipse.platform.ide" StructureKind="lifecycle"/><InteractionEvent Delta="started" EndDate="2008-07-20 14:34:58.125 CST" Interest="1.0" Kind="attention" Navigation="" OriginId="org.eclipse.ui.workbench" StartDate="2008-07-20 14:34:58.125 CST" StructureHandle="org.eclipse.platform.ide" StructureKind="lifecycle"/><InteractionEvent Delta="stopped" EndDate="2008-07-20 14:35:03.890 CST" Interest="1.0" Kind="attention" Navigation="" OriginId="org.eclipse.ui.workbench" StartDate="2008-07-20 14:35:03.890 CST" StructureHandle="org.eclipse.platform.ide" StructureKind="lifecycle"/><InteractionEvent Delta="started" EndDate="2008-07-20 14:35:24.984 CST" Interest="1.0" Kind="attention" Navigation="" OriginId="org.eclipse.ui.workbench" StartDate="2008-07-20 14:35:24.984 CST" StructureHandle="org.eclipse.platform.ide" StructureKind="lifecycle"/><InteractionEvent Delta="stopped" EndDate="2008-07-20 14:36:13.625 CST" Interest="1.0" Kind="attention" Navigation="" OriginId="org.eclipse.ui.workbench" StartDate="2008-07-20 14:36:13.625 CST" StructureHandle="org.eclipse.platform.ide" StructureKind="lifecycle"/><InteractionEvent Delta="started" EndDate="2008-07-20 14:36:56.468 CST" Interest="1.0" Kind="attention" Navigation="" OriginId="org.eclipse.ui.workbench" StartDate="2008-07-20 14:36:56.468 CST" StructureHandle="org.eclipse.platform.ide" StructureKind="lifecycle"/><InteractionEvent Delta="stopped" EndDate="2008-07-20 14:37:37.156 CST" Interest="1.0" Kind="attention" Navigation="" OriginId="org.eclipse.ui.workbench" StartDate="2008-07-20 14:37:37.156 CST" StructureHandle="org.eclipse.platform.ide" StructureKind="lifecycle"/><InteractionEvent Delta="started" EndDate="2008-07-20 14:38:04.750 CST" Interest="1.0" Kind="attention" Navigation="" OriginId="org.eclipse.ui.workbench" StartDate="2008-07-20 14:38:04.750 CST" StructureHandle="org.eclipse.platform.ide" StructureKind="lifecycle"/><InteractionEvent Delta="stopped" EndDate="2008-07-20 14:38:45.62 CST" Interest="1.0" Kind="attention" Navigation="" OriginId="org.eclipse.ui.workbench" StartDate="2008-07-20 14:38:45.62 CST" StructureHandle="org.eclipse.platform.ide" StructureKind="lifecycle"/><InteractionEvent Delta="started" EndDate="2008-07-20 14:39:04.265 CST" Interest="1.0" Kind="attention" Navigation="" OriginId="org.eclipse.ui.workbench" StartDate="2008-07-20 14:39:04.265 CST" StructureHandle="org.eclipse.platform.ide" StructureKind="lifecycle"/><InteractionEvent Delta="stopped" EndDate="2008-07-20 14:39:05.640 CST" Interest="1.0" Kind="attention" Navigation="" OriginId="org.eclipse.ui.workbench" StartDate="2008-07-20 14:39:05.640 CST" StructureHandle="org.eclipse.platform.ide" StructureKind="lifecycle"/><InteractionEvent Delta="started" EndDate="2008-07-20 14:56:31.93 CST" Interest="1.0" Kind="attention" Navigation="" OriginId="org.eclipse.ui.workbench" StartDate="2008-07-20 14:56:31.93 CST" StructureHandle="org.eclipse.platform.ide" StructureKind="lifecycle"/><InteractionEvent Delta="stopped" EndDate="2008-07-20 14:58:46.218 CST" Interest="1.0" Kind="attention" Navigation="" OriginId="org.eclipse.ui.workbench" StartDate="2008-07-20 14:58:46.218 CST" StructureHandle="org.eclipse.platform.ide" StructureKind="lifecycle"/><InteractionEvent Delta="started" EndDate="2008-07-20 14:59:35.812 CST" Interest="1.0" Kind="attention" Navigation="" OriginId="org.eclipse.ui.workbench" StartDate="2008-07-20 14:59:35.812 CST" StructureHandle="org.eclipse.platform.ide" StructureKind="lifecycle"/><InteractionEvent Delta="stopped" EndDate="2008-07-20 16:19:47.906 CST" Interest="1.0" Kind="attention" Navigation="" OriginId="org.eclipse.ui.workbench" StartDate="2008-07-20 16:19:47.906 CST" StructureHandle="org.eclipse.platform.ide" StructureKind="lifecycle"/><InteractionEvent Delta="started" EndDate="2008-07-20 18:21:14.343 CST" Interest="1.0" Kind="attention" Navigation="" OriginId="org.eclipse.ui.workbench" StartDate="2008-07-20 18:21:14.343 CST" StructureHandle="org.eclipse.platform.ide" StructureKind="lifecycle"/><InteractionEvent Delta="stopped" EndDate="2008-07-20 18:21:54.171 CST" Interest="1.0" Kind="attention" Navigation="" OriginId="org.eclipse.ui.workbench" StartDate="2008-07-20 18:21:54.171 CST" StructureHandle="org.eclipse.platform.ide" StructureKind="lifecycle"/><InteractionEvent Delta="started" EndDate="2008-07-20 18:41:24.328 CST" Interest="1.0" Kind="attention" Navigation="" OriginId="org.eclipse.ui.workbench" StartDate="2008-07-20 18:41:24.328 CST" StructureHandle="org.eclipse.platform.ide" StructureKind="lifecycle"/><InteractionEvent Delta="stopped" EndDate="2008-07-20 18:43:36.531 CST" Interest="1.0" Kind="attention" Navigation="" OriginId="org.eclipse.ui.workbench" StartDate="2008-07-20 18:43:36.531 CST" StructureHandle="org.eclipse.platform.ide" StructureKind="lifecycle"/><InteractionEvent Delta="started" EndDate="2008-07-20 22:43:09.734 CST" Interest="1.0" Kind="attention" Navigation="" OriginId="org.eclipse.ui.workbench" StartDate="2008-07-20 22:43:09.734 CST" StructureHandle="org.eclipse.platform.ide" StructureKind="lifecycle"/><InteractionEvent Delta="stopped" EndDate="2008-07-20 22:47:13.296 CST" Interest="1.0" Kind="attention" Navigation="" OriginId="org.eclipse.ui.workbench" StartDate="2008-07-20 22:47:13.296 CST" StructureHandle="org.eclipse.platform.ide" StructureKind="lifecycle"/><InteractionEvent Delta="started" EndDate="2008-07-21 11:13:47.484 CST" Interest="1.0" Kind="attention" Navigation="" OriginId="org.eclipse.ui.workbench" StartDate="2008-07-21 11:13:47.484 CST" StructureHandle="org.eclipse.platform.ide" StructureKind="lifecycle"/><InteractionEvent Delta="stopped" EndDate="2008-07-21 15:20:36.343 CST" Interest="1.0" Kind="attention" Navigation="" OriginId="org.eclipse.ui.workbench" StartDate="2008-07-21 15:20:36.343 CST" StructureHandle="org.eclipse.platform.ide" StructureKind="lifecycle"/><InteractionEvent Delta="started" EndDate="2008-07-21 15:22:24.468 CST" Interest="1.0" Kind="attention" Navigation="" OriginId="org.eclipse.ui.workbench" StartDate="2008-07-21 15:22:24.468 CST" StructureHandle="org.eclipse.platform.ide" StructureKind="lifecycle"/><InteractionEvent Delta="stopped" EndDate="2008-07-21 15:22:35.906 CST" Interest="1.0" Kind="attention" Navigation="" OriginId="org.eclipse.ui.workbench" StartDate="2008-07-21 15:22:35.906 CST" StructureHandle="org.eclipse.platform.ide" StructureKind="lifecycle"/></InteractionHistory>